kod_ebssa;departamant;bro_brezhoneg;bro_galleg;dpke_brezhoneg;dpke_galleg;kumun_brezhoneg;kumun_galleg;1999;2000;2001;2002;2003;2004;2005;2006;2007;2008;2009;2010;2011;2012;2013;2014;2015;2016;2017;2018;2019;2020;2021;2022;2023;2024;2025
code_insee;departement;pays_breton;pays_francais;epci_breton;epci_francais;commune_breton;commune_francais;1999;2000;2001;2002;2003;2004;2005;2006;2007;2008;2009;2010;2011;2012;2013;2014;2015;2016;2017;2018;2019;2020;2021;2022;2023;2024;2025
22004;22;Bro Gwengamp;Pays de Guingamp;Gwengamp-Pempoull Tolpad;Guingamp-Paimpol Agglomération;Bear;Bégard;0;0;0;0;0;0;0;0;22;30;51;64;71;82;105;112;126;135;147;147;165;162;143;131;126;122;113
22005;22;Bro Gwengamp;Pays de Guingamp;Gwengamp-Pempoull Tolpad;Guingamp-Paimpol Agglomération;Benac'h;Belle-Isle-en-Terre;28;33;38;28;38;35;43;39;35;37;38;28;18;20;0;0;0;0;0;0;0;0;0;0;0;0;0
22013;22;Bro Gwengamp;Pays de Guingamp;Gwengamp-Pempoull Tolpad;Guingamp-Paimpol Agglomération;Boulvriag;Bourbriac;0;0;0;0;0;0;28;27;29;25;26;30;28;27;33;40;52;63;61;49;50;36;33;22;19;21;16
22023;22;Bro Gwengamp;Pays de Guingamp;Gwengamp-Pempoull Tolpad;Guingamp-Paimpol Agglomération;Bulad-Pestivien;Bulat-Pestivien;0;0;0;0;0;0;0;0;24;23;19;26;27;30;29;35;38;36;38;44;46;31;37;37;33;33;26
22025;22;Bro Gwengamp;Pays de Guingamp;Gwengamp-Pempoull Tolpad;Guingamp-Paimpol Agglomération;Kallag;Callac;0;0;0;0;0;0;0;0;0;0;0;0;0;16;19;14;13;14;15;18;16;33;25;26;26;22;17
22032;22;Bro Dinan;Pays de Dinan;Dinan Tolpad-kêrioù;Dinan Agglomération;Kaon;Caulnes;;;;;;;;;;;;;;;;;;;;;;;;14;18;19;30
22034;22;Bro Dreger;Pays du Trégor;Lannuon-Treger Kumuniezh;Lannion-Trégor Communauté;Kawan;Cavan;15;20;25;30;39;48;65;70;78;93;87;83;86;95;90;93;88;87;96;101;90;87;92;91;82;78;70
22037;22;Bro Gwengamp;Pays de Guingamp;Gwengamp-Pempoull Tolpad;Guingamp-Paimpol Agglomération;Ar Chapel-Nevez (22);Chapelle-Neuve;0;0;0;0;0;0;0;7;11;0;0;0;0;0;0;0;0;0;0;0;0;0;0;0;0;0;0
22050;22;Bro Dinan;Pays de Dinan;Dinan Tolpad-kêrioù;Dinan Agglomération;Dinan;Dinan;0;10;23;27;34;31;35;48;50;53;51;63;76;77;88;103;103;106;96;111;108;109;107;109;93;84;84
22055;22;Bro Sant-Brieg;Pays de Saint-Brieuc;Sant-Brieg Arvor Tolpad-kêrioù;Saint-Brieuc Armor Agglomération;Binig-Staol;Binic-Etables-sur-Mer;0;0;0;0;0;0;0;0;0;0;0;0;0;0;0;0;0;0;0;0;0;0;8;14;11;14;23
22061;22;Bro Kornôg-Kreiz-Breizh;Pays du Centre-Ouest-Bretagne;KK Kreiz-Breizh;CC du Kreiz-Breizh;Groñvel;Glomel;0;36;0;21;34;33;31;28;27;27;28;20;23;22;22;20;13;12;17;16;14;11;19;20;17;20;22
22070;22;Bro Gwengamp;Pays de Guingamp;Gwengamp-Pempoull Tolpad;Guingamp-Paimpol Agglomération;Gwengamp;Guingamp;137;139;151;154;169;164;153;155;185;201;187;193;189;193;197;193;185;201;211;190;194;180;191;205;194;187;164
22093;22;Bro Sant-Brieg;Pays de Saint-Brieuc;Lambal Arvor hag Argoad;Lamballe Terre et Mer;Lambal-Arvor;Lamballe-Armor;0;0;0;0;0;0;0;0;0;0;0;0;0;0;0;0;0;0;0;0;17;24;33;40;38;43;45
22113;22;Bro Dreger;Pays du Trégor;Lannuon-Treger Kumuniezh;Lannion-Trégor Communauté;Lannuon;Lannion;318;345;341;348;349;333;328;337;346;362;381;420;415;444;449;490;505;531;545;540;524;492;472;459;445;445;430
22115;22;Bro Kornôg-Kreiz-Breizh;Pays du Centre-Ouest-Bretagne;KK Kreiz-Breizh;CC du Kreiz-Breizh;Larruen;Lanrivain;0;0;0;0;0;0;0;0;0;0;0;0;0;0;0;0;0;17;22;30;29;33;38;37;38;34;36
22121;22;Bro Gwengamp;Pays de Guingamp;Leñv Arvor Kumuniezh;Leff Armor Communauté;Lannolon;Lanvollon;0;0;0;0;0;0;0;0;0;0;0;0;0;0;0;0;0;0;0;11;16;21;22;36;31;33;32
22134;22;Bro Dreger;Pays du Trégor;Lannuon-Treger Kumuniezh;Lannion-Trégor Communauté;Louaneg;Louannec;0;0;0;0;0;0;0;11;12;17;20;26;33;31;33;26;31;37;32;37;35;30;32;30;32;32;36
22135;22;Bro Gwengamp;Pays de Guingamp;Gwengamp-Pempoull Tolpad;Guingamp-Paimpol Agglomération;Louergad;Louargat;21;20;22;35;32;39;41;41;42;44;47;40;43;45;62;63;61;63;62;63;66;57;61;64;60;51;58
22137;22;Bro Kornôg-Kreiz-Breizh;Pays du Centre-Ouest-Bretagne;KK Kreiz-Breizh;CC du Kreiz-Breizh;Mêl-Karaez;Maël-Carhaix;0;0;0;0;0;14;13;16;20;23;24;29;32;27;32;30;36;34;29;24;23;32;20;50;54;53;54
22158;22;Bro Kreiz-Breizh;Pays du Centre-Bretagne;Loudieg Kumuniezh - Kreiz Breizh;Loudéac Communauté - Bretagne Centre;Gwerledan;Guerlédan;0;0;0;0;0;0;0;0;0;0;0;0;0;0;0;0;0;0;19;25;33;43;45;49;54;56;54
22161;22;Bro Gwengamp;Pays de Guingamp;Gwengamp-Pempoull Tolpad;Guingamp-Paimpol Agglomération;Pabu;Pabu;73;80;73;83;93;88;94;92;86;87;85;87;78;72;75;87;86;86;81;86;83;80;82;86;92;95;101
22162;22;Bro Gwengamp;Pays de Guingamp;Gwengamp-Pempoull Tolpad;Guingamp-Paimpol Agglomération;Pempoull;Paimpol;29;44;60;67;77;75;75;84;85;90;92;92;82;89;81;80;36;34;37;31;25;26;37;40;43;48;47
22166;22;Bro Dreger;Pays du Trégor;Lannuon-Treger Kumuniezh;Lannion-Trégor Communauté;Perwenan;Penvénan;18;19;27;37;42;53;56;58;57;58;56;62;73;63;64;63;56;54;60;63;62;63;59;55;56;50;38
22168;22;Bro Dreger;Pays du Trégor;Lannuon-Treger Kumuniezh;Lannion-Trégor Communauté;Perroz-Gireg;Perros-Guirec;0;0;0;0;0;0;0;0;18;28;30;35;33;36;29;31;24;23;18;19;21;19;21;24;27;33;31
22176;22;Bro Sant-Brieg;Pays de Saint-Brieuc;Sant-Brieg Arvor Tolpad-kêrioù;Saint-Brieuc Armor Agglomération;Pledran;Plédran;0;0;0;0;0;0;0;0;0;0;0;0;0;0;0;0;0;0;0;0;21;24;26;28;28;37;39
22187;22;Bro Sant-Brieg;Pays de Saint-Brieuc;Sant-Brieg Arvor Tolpad-kêrioù;Saint-Brieuc Armor Agglomération;Plerin;Plérin;0;0;0;0;0;0;0;0;0;0;0;0;0;0;0;0;0;21;27;36;46;69;80;85;83;87;84
22189;22;Bro Gwengamp;Pays de Guingamp;Gwengamp-Pempoull Tolpad;Guingamp-Paimpol Agglomération;Plijidi;Plésidy;106;99;95;104;107;120;115;118;125;140;176;202;214;215;221;215;214;230;236;236;230;208;220;207;201;195;190
22194;22;Bro Dreger;Pays du Trégor;Lannuon-Treger Kumuniezh;Lannion-Trégor Communauté;Plistin;Plestin-les-Grèves;27;44;54;70;71;80;81;93;94;91;98;91;91;87;81;79;71;60;58;53;51;53;48;50;54;72;71
22204;22;Bro Gwengamp;Pays de Guingamp;Gwengamp-Pempoull Tolpad;Guingamp-Paimpol Agglomération;Pleuzal;Ploëzal;0;0;0;0;0;0;0;0;0;0;13;18;24;20;22;23;21;23;17;14;9;14;21;24;28;30;33
22206;22;Bro Gwengamp;Pays de Guingamp;Leñv Arvor Kumuniezh;Leff Armor Communauté;Kastellaodren-Plagad;Châtelaudren-Plouagat;0;0;0;0;0;0;0;0;0;0;0;0;0;0;0;0;0;0;0;27;29;34;40;41;44;46;51
22211;22;Bro Dreger;Pays du Trégor;Lannuon-Treger Kumuniezh;Lannion-Trégor Communauté;Ploubêr;Ploubezre;0;9;14;16;22;32;32;29;26;22;20;0;0;0;0;0;0;0;0;0;0;12;16;21;20;30;32
22214;22;Bro Gwengamp;Pays de Guingamp;Gwengamp-Pempoull Tolpad;Guingamp-Paimpol Agglomération;Ploueg-ar-Mor;Plouezec;0;0;0;0;0;0;0;0;0;0;0;0;0;0;0;16;44;52;50;52;55;49;50;47;45;49;49
22222;22;Bro Gwengamp;Pays de Guingamp;Leñv Arvor Kumuniezh;Leff Armor Communauté;Plouha;Plouha;0;0;0;0;0;0;0;0;0;0;0;30;38;43;51;61;71;68;69;60;61;65;60;56;62;61;63
22225;22;Bro Gwengamp;Pays de Guingamp;Gwengamp-Pempoull Tolpad;Guingamp-Paimpol Agglomération;Plouvagor;Ploumagoar;0;0;0;0;0;0;0;0;0;0;0;0;0;0;19;23;31;43;44;48;49;51;43;32;31;40;49
22228;22;Bro Dreger;Pays du Trégor;Lannuon-Treger Kumuniezh;Lannion-Trégor Communauté;Plounevez-Moedeg;Plounévez-Moëdec;0;0;0;21;25;33;46;56;65;80;99;104;104;100;98;88;87;73;57;40;39;38;31;34;58;45;47
22254;22;Bro Dreger;Pays du Trégor;Lannuon-Treger Kumuniezh;Lannion-Trégor Communauté;Prad;Prat;0;0;0;0;0;0;0;0;0;0;0;0;0;0;0;0;0;0;0;0;0;8;9;13;15;18;10
22262;22;Bro Sant-Brieg;Pays de Saint-Brieuc;Sant-Brieg Arvor Tolpad-kêrioù;Saint-Brieuc Armor Agglomération;Kintin;Quintin;0;0;0;0;0;0;0;0;0;0;0;0;0;0;0;0;0;0;10;17;21;22;29;33;34;33;27
22265;22;Bro Dreger;Pays du Trégor;Lannuon-Treger Kumuniezh;Lannion-Trégor Communauté;Rospezh;Rospez;0;0;0;0;0;51;65;52;47;46;49;45;47;51;52;52;47;49;50;41;30;30;30;34;30;30;31
22266;22;Bro Kornôg-Kreiz-Breizh;Pays du Centre-Ouest-Bretagne;KK Kreiz-Breizh;CC du Kreiz-Breizh;Rostrenn;Rostrenen;145;127;92;145;145;136;147;156;146;138;139;129;153;147;140;142;160;150;140;136;132;124;118;118;113;123;120
22278;22;Bro Sant-Brieg;Pays de Saint-Brieuc;Sant-Brieg Arvor Tolpad-kêrioù;Saint-Brieuc Armor Agglomération;Sant-Brieg;Saint-Brieuc;89;120;134;137;143;150;164;171;159;176;180;173;176;163;167;157;164;162;168;166;163;163;159;167;166;188;184
22353;22;Bro Dreger;Pays du Trégor;Lannuon-Treger Kumuniezh;Lannion-Trégor Communauté;Tregastell;Trégastel;14;15;17;14;22;27;31;31;40;34;36;40;40;43;34;31;41;39;44;52;53;51;50;50;39;36;37
22360;22;Bro Sant-Brieg;Pays de Saint-Brieuc;Sant-Brieg Arvor Tolpad-kêrioù;Saint-Brieuc Armor Agglomération;Tregaeg;Trégueux;0;0;0;0;0;26;45;39;26;23;19;0;0;0;0;0;0;0;0;0;0;0;0;0;0;0;0
22362;22;Bro Dreger;Pays du Trégor;Lannuon-Treger Kumuniezh;Lannion-Trégor Communauté;Landreger;Tréguier;45;64;43;41;60;71;73;67;67;47;50;46;49;54;31;28;26;38;36;10;19;24;23;21;23;23;26
22376;22;Bro Kreiz-Breizh;Pays du Centre-Bretagne;Loudieg Kumuniezh - Kreiz Breizh;Loudéac Communauté - Bretagne Centre;Treve;Trévé;0;0;0;0;0;0;0;0;0;0;0;0;0;0;0;0;0;0;0;0;0;0;0;0;0;11;16
22387;22;Bro Dreger;Pays du Trégor;Lannuon-Treger Kumuniezh;Lannion-Trégor Communauté;Ar C'houerc'had;Vieux-Marché;0;0;0;0;0;0;0;0;0;0;0;0;0;0;0;0;0;0;0;0;0;0;9;14;20;21;22
22389;22;Bro Sant-Brieg;Pays de Saint-Brieuc;Sant-Brieg Arvor Tolpad-kêrioù;Saint-Brieuc Armor Agglomération;Ilfinieg;Yffiniac;0;0;0;0;0;0;0;0;0;0;0;0;0;0;0;0;0;0;0;0;0;0;14;24;31;39;52
29004;29;Bro Gerne;Pays de Cornouaille;Kemperle Kumuniezh;Quimperlé Communauté;Banaleg;Bannalec;51;65;67;58;47;52;56;51;59;47;68;66;83;92;115;115;131;142;152;155;169;162;150;158;156;153;131
29019;29;Bro Brest;Pays de Brest;Brest Meurgêr;Brest Métropole;Brest;Brest;192;192;201;206;224;232;261;278;278;276;291;317;329;385;442;479;545;579;649;698;709;720;731;737;771;861;865
29020;29;Bro Gerne;Pays de Cornouaille;Kemper Breizh-Izel;Quimper Bretagne Occidentale;Brieg;Briec;0;0;0;0;0;0;0;21;35;53;70;80;85;78;95;102;112;111;118;136;141;144;143;148;150;155;153
29024;29;Bro Kornôg-Kreiz-Breizh;Pays du Centre-Ouest-Bretagne;Poc’hêr kumuniezh;Poher Communauté;Karaez-Plougêr;Carhaix-Plouguer;192;200;253;282;316;327;337;338;389;426;442;452;465;467;491;524;563;559;572;547;527;511;477;471;448;411;407
29026;29;Bro Brest;Pays de Brest;KK Pleiben-Kastellin-Porzhe;CC Pleyben-Châteaulin-Porzay;Kastellin;Châteaulin;0;0;0;0;0;0;0;0;7;13;23;20;21;25;21;20;20;19;19;18;22;23;27;26;29;26;26
29027;29;Bro Kornôg-Kreiz-Breizh;Pays du Centre-Ouest-Bretagne;KK Kerne-Uhel;CC de Haute Cornouaille;Kastell-Nevez-ar-Faou;Châteauneuf-du-Faou;0;0;0;0;17;21;16;20;31;47;52;61;62;61;66;71;63;59;58;53;51;47;51;56;64;72;64
29030;29;Bro Montroulez;Pays de Morlaix;Gorre-Leon Kumuniezh;CC Haut-Léon Communauté;Kleder;Cléder;32;34;37;63;83;96;108;123;124;131;142;132;125;122;103;106;103;96;93;80;85;89;89;94;95;90;86
29031;29;Bro Gerne;Pays de Cornouaille;Kemperle Kumuniezh;Quimperlé Communauté;Kloar-Karnoed;Clohars-Carnoët;0;0;0;0;0;0;0;0;0;0;0;0;0;0;0;0;18;22;28;36;38;43;41;29;33;36;39
29038;29;Bro Montroulez;Pays de Morlaix;KK bro Landivizio;CC du Pays de Landivisiau;Kommanna;Commana;33;44;48;57;51;50;53;54;55;69;70;68;71;72;71;70;68;61;61;59;48;30;35;31;32;38;34
29039;29;Bro Gerne;Pays de Cornouaille;Konk-Kerne Tolpad-kêrioù;Concarneau Cornouaille Agglomération;Konk-Kerne;Concarneau;19;30;50;34;28;39;37;37;34;41;47;44;45;59;67;75;88;89;96;102;94;104;100;105;102;102;105
29041;29;Bro Kornôg-Kreiz-Breizh;Pays du Centre-Ouest-Bretagne;KK Kerne-Uhel;CC de Haute Cornouaille;Kore;Coray;0;0;0;0;0;0;0;0;0;0;0;0;0;0;0;20;23;23;28;31;33;35;31;30;37;34;34
29042;29;Bro Brest;Pays de Brest;KK Gourenez Kraozon-Arvor ar Stêr-Aon;CC Presqu'île de Crozon-Aulne Maritime;Kraozon;Crozon;33;33;32;32;36;36;44;43;35;40;34;27;31;29;24;31;38;50;51;53;48;47;41;43;48;57;64
29043;29;Bro Brest;Pays de Brest;KTK bro Landerne Daoulaz;CA du Pays de Landerneau Daoulas;Daoulaz;Daoulas;0;0;0;0;0;0;0;18;23;28;32;28;39;36;38;31;27;24;23;19;17;22;18;22;22;26;23
29046;29;Bro Gerne;Pays de Cornouaille;Douarnenez Kumuniezh;Douarnenez Communauté;Douarnenez;Douarnenez;74;81;81;82;74;80;88;85;102;116;110;102;105;106;117;125;122;114;134;142;142;150;133;115;117;109;104
29049;29;Bro Gerne;Pays de Cornouaille;Konk-Kerne Tolpad-kêrioù;Concarneau Cornouaille Agglomération;Eliant;Elliant;0;0;0;0;0;0;0;0;0;0;0;0;0;0;28;36;48;50;58;59;61;62;58;61;56;59;55
29051;29;Bro Gerne;Pays de Cornouaille;Kemper Breizh-Izel;Quimper Bretagne Occidentale;Erge-Vras (an);Ergué-Gabéric;0;0;0;24;40;45;49;62;71;63;65;51;53;50;68;85;94;112;119;130;129;132;132;147;141;119;119
29053;29;Bro Brest;Pays de Brest;KK Gourenez Kraozon-Arvor ar Stêr-Aon;CC Presqu'île de Crozon-Aulne Maritime;Faou (ar);Faou;22;22;25;27;28;28;25;30;30;28;26;28;28;33;39;34;39;48;55;57;57;52;48;47;46;46;47
29058;29;Bro Gerne;Pays de Cornouaille;KK bro Fouenant;CC du Pays Fouesnantais;Fouenant;Fouesnant;0;0;0;0;0;0;0;0;0;0;0;0;0;0;14;31;41;53;66;79;89;94;108;92;97;97;96
29061;29;Bro Brest;Pays de Brest;Brest Meurgêr;Brest Métropole;Gouenoù;Gouesnou;0;0;0;0;0;24;28;35;44;60;83;98;83;80;78;82;84;78;76;89;84;84;83;83;79;82;74
29067;29;Bro Montroulez;Pays de Morlaix;Montroulez Kumuniezh;Morlaix Communauté;Gwerliskin ;Guerlesquin;0;0;0;0;0;0;0;0;0;0;0;0;0;0;0;0;0;0;0;0;0;0;0;0;0;12;13
29069;29;Bro Brest;Pays de Brest;Brest Meurgêr;Brest Métropole;Gwiler-Leon;Guilers;0;0;0;22;32;37;63;61;59;61;60;65;67;66;66;67;50;55;53;59;57;65;59;68;77;92;103
29075;29;Bro Brest;Pays de Brest;Brest Meurgêr;Brest Métropole;Gwipavaz;Guipavas;54;65;66;64;63;63;63;69;70;70;63;72;70;65;72;68;66;84;83;99;119;128;126;142;128;127;130
29076;29;Bro Brest;Pays de Brest;KK bro an Hirwazh;CC du Pays d'Iroise;Milizag-Gwiproñvel;Milizac-Guipronvel;0;0;0;0;0;0;0;16;31;36;50;61;82;92;100;95;106;120;138;134;133;134;135;119;128;118;115
29077;29;Bro Brest;Pays de Brest;Kumuniezh Lesneven Aod ar Mojennoù;Communauté Lesneven Côte des Légendes;Gwiseni;Guissény;43;43;49;49;35;37;38;133;130;139;125;129;141;142;148;162;151;158;168;155;155;146;129;122;120;126;132
29103;29;Bro Brest;Pays de Brest;KTK bro Landerne Daoulaz;CA du Pays de Landerneau Daoulas;Landerne;Landerneau;141;148;157;165;168;191;235;267;284;309;331;342;353;375;390;406;417;426;449;477;491;504;442;444;433;428;423
29105;29;Bro Montroulez;Pays de Morlaix;KK bro Landivizio;CC du Pays de Landivisiau;Landivizio;Landivisiau;0;21;29;48;60;87;100;114;128;104;118;126;124;131;127;137;134;132;131;118;107;101;113;114;107;98;92
29113;29;Bro Montroulez;Pays de Morlaix;Montroulez Kumuniezh;Morlaix Communauté;Lanneur;Lanmeur;0;0;0;0;0;23;22;23;33;38;46;52;60;63;66;72;81;87;94;96;108;100;99;98;105;96;93
29117;29;Bro Brest;Pays de Brest;KK bro an Aberioù;CC du Pays des Abers;Lanniliz;Lannilis;126;150;193;205;233;262;311;310;336;348;359;374;366;372;384;373;369;375;366;352;336;331;311;297;285;288;268
29124;29;Bro Brest;Pays de Brest;Kumuniezh Lesneven Aod ar Mojennoù;Communauté Lesneven Côte des Légendes;Lesneven;Lesneven;221;218;228;250;266;272;291;299;300;294;307;306;296;286;284;287;293;302;318;301;279;259;247;229;218;206;178
29130;29;Bro Brest;Pays de Brest;KK bro an Hirwazh;CC du Pays d'Iroise;Lokmaria-Plouzane;Locmaria-Plouzané;0;0;0;0;0;0;0;0;0;0;0;0;0;20;31;37;40;49;57;60;63;66;65;64;58;58;56
29140;29;Bro Brest;Pays de Brest;KTK bro Landerne Daoulaz;CA du Pays de Landerneau Daoulas;Loperc'hed;Loperhet;0;0;0;0;0;19;26;32;45;61;72;82;88;109;112;123;137;141;135;131;132;128;130;123;125;119;121
29141;29;Bro Kornôg-Kreiz-Breizh;Pays du Centre-Ouest-Bretagne;Menez Are Kumuniezh;Monts d'Arrée Communauté;Lokeored;Loqueffret;0;0;0;0;0;0;0;0;0;0;0;0;0;0;0;0;0;0;0;0;0;19;27;27;27;22;26
29150;29;Bro Gerne;Pays de Cornouaille;Kemperle Kumuniezh;Quimperlé Communauté;Molan;Moëlan-sur-Mer;0;0;0;0;0;0;0;0;0;0;0;0;0;23;40;50;55;56;60;54;55;54;50;53;51;46;47
29151;29;Bro Montroulez;Pays de Morlaix;Montroulez Kumuniezh;Morlaix Communauté;Montroulez;Morlaix;86;90;91;94;77;79;91;94;96;106;112;120;122;124;144;150;163;177;168;169;173;147;135;142;152;149;150
29160;29;Bro Brest;Pays de Brest;KK bro an Aberioù;CC du Pays des Abers;Plabenneg;Plabennec;76;82;107;126;129;155;165;169;187;189;209;203;186;176;170;155;146;138;150;170;167;161;166;171;159;167;159
29161;29;Bro Gerne;Pays de Cornouaille;KK bro Fouenant;CC du Pays Fouesnantais;Pluwenn;Pleuven;0;0;0;0;0;0;0;0;0;0;0;0;0;0;0;0;0;0;12;14;11;9;22;27;32;38;36
29162;29;Bro Brest;Pays de Brest;KK Pleiben-Kastellin-Porzhe;CC Pleyben-Châteaulin-Porzay;Pleiben;Pleyben;0;0;0;0;0;0;0;0;0;0;0;0;0;0;0;0;0;0;0;0;14;16;20;28;23;29;30
29163;29;Bro Montroulez;Pays de Morlaix;Montroulez Kumuniezh;Morlaix Communauté;Pleiber-Krist;Pleyber-Christ;0;0;0;0;0;0;0;0;0;26;33;42;47;40;46;48;46;51;50;53;47;49;53;50;53;39;36
29167;29;Bro Gerne;Pays de Cornouaille;KK gorre ar Vro Vigoudenn;CC du Haut Pays Bigouden;Plogastell-Sant-Jermen;Plogastel-Saint-Germain;0;0;0;0;0;0;0;0;0;0;0;11;17;28;31;36;33;38;38;36;42;40;41;44;52;35;23
29169;29;Bro Gerne;Pays de Cornouaille;Kemper Breizh-Izel;Quimper Bretagne Occidentale;Plogoneg;Plogonnec;;;;;;;;;;;;;;;;;;;;;;;;;;;12
29170;29;Bro Gerne;Pays de Cornouaille;Kemper Breizh-Izel;Quimper Bretagne Occidentale;Ploveilh;Plomelin;0;0;0;0;0;0;0;0;0;0;0;0;0;0;0;0;0;0;17;24;29;32;38;49;50;49;49
29171;29;Bro Gerne;Pays de Cornouaille;KK su ar Vro Vigoudenn;CC du Pays Bigouden Sud;Ploveur;Plomeur;64;57;69;68;70;79;88;105;112;121;118;118;119;110;111;110;121;109;105;98;95;91;83;87;77;73;70
29174;29;Bro Gerne;Pays de Cornouaille;KK gorre ar Vro Vigoudenn;CC du Haut Pays Bigouden;Ploneour-Lanwern;Plonéour-Lanvern;0;0;0;0;0;0;0;0;0;0;20;34;39;47;56;63;59;62;58;60;57;53;58;59;66;68;64
29177;29;Bro Brest;Pays de Brest;KK bro an Hirwazh;CC du Pays d'Iroise;Plouarzhel;Plouarzel;0;0;0;0;0;0;0;25;34;40;56;67;73;82;83;85;83;87;88;84;87;81;81;83;90;88;85
29178;29;Bro Brest;Pays de Brest;KK bro an Hirwazh;CC du Pays d'Iroise;Gwitalmeze;Ploudalmézeau;100;111;120;126;117;114;102;101;98;116;112;131;139;140;137;130;133;132;113;107;117;115;112;106;103;94;92
29180;29;Bro Brest;Pays de Brest;KTK bro Landerne Daoulaz;CA du Pays de Landerneau Daoulas;Plouziri;Ploudiry;0;0;0;0;0;0;0;0;0;0;0;0;0;0;0;0;0;0;0;0;12;12;16;19;23;26;30
29181;29;Bro Brest;Pays de Brest;KTK bro Landerne Daoulaz;CA du Pays de Landerneau Daoulas;Plouedern;Plouédern;0;0;0;0;0;0;0;0;0;0;0;0;0;0;0;0;0;0;0;0;0;11;15;20;27;28;34
29185;29;Bro Montroulez;Pays de Morlaix;Gorre-Leon Kumuniezh;CC Haut-Léon Communauté;Ploueskad;Plouescat;19;38;49;57;66;79;74;79;82;80;72;68;72;62;62;62;55;58;54;58;49;49;46;37;32;28;25
29188;29;Bro Montroulez;Pays de Morlaix;Montroulez Kumuniezh;Morlaix Communauté;Plouganoù;Plougasnou;;;;;;;;;;;;;;;;;;;;;;;;10;15;19;21
29189;29;Bro Brest;Pays de Brest;Brest Meurgêr;Brest Métropole;Plougastell-Daoulaz;Plougastel-Daoulas;152;160;180;201;228;247;261;281;289;308;335;347;372;380;398;410;423;435;443;457;474;480;469;457;500;522;544
29190;29;Bro Brest;Pays de Brest;KK bro an Hirwazh;CC du Pays d'Iroise;Plougonvelen;Plougonvelin;0;0;0;0;0;0;0;0;26;39;51;64;61;63;74;64;62;60;57;59;68;76;66;59;61;54;50
29195;29;Bro Brest;Pays de Brest;KK bro an Aberioù;CC du Pays des Abers;Plougerne;Plouguerneau;54;63;80;78;79;81;76;83;84;86;91;94;97;99;100;97;102;96;97;103;113;115;121;131;128;132;137
29202;29;Bro Montroulez;Pays de Morlaix;Montroulez Kumuniezh;Morlaix Communauté;Plouneour-Menez;Plounéour-Menez;0;0;0;0;0;0;0;0;0;0;0;0;0;0;16;17;19;21;28;35;56;61;66;90;82;104;103
29207;29;Bro Montroulez;Pays de Morlaix;Montroulez Kumuniezh;Morlaix Communauté;Plourin-Montroulez;Plourin-lès-Morlaix;0;0;0;0;0;0;0;0;0;0;0;0;0;0;0;0;0;0;0;0;0;17;18;24;22;27;28
29209;29;Bro Brest;Pays de Brest;KK bro an Aberioù;CC du Pays des Abers;Plouvien;Plouvien;56;70;74;72;73;73;73;60;44;37;0;0;0;0;0;0;0;0;0;0;0;0;0;0;0;0;0
29210;29;Bro Montroulez;Pays de Morlaix;KK bro Landivizio;CC du Pays de Landivisiau;Plouvorn;Plouvorn;0;0;0;0;0;0;0;19;27;39;63;68;86;89;93;85;75;82;75;66;66;69;62;62;64;63;54
29212;29;Bro Brest;Pays de Brest;Brest Meurgêr;Brest Métropole;Plouzane;Plouzané;0;0;0;0;21;23;39;41;47;56;61;62;64;67;76;86;92;104;110;133;142;155;166;166;172;172;185
29215;29;Bro Gerne;Pays de Cornouaille;KK gorre ar Vro Vigoudenn;CC du Haut Pays Bigouden;Plozeved;Plozévet;0;0;0;0;0;0;0;0;21;43;50;63;68;70;71;70;61;58;50;49;47;41;27;21;23;30;25
29216;29;Bro Gerne;Pays de Cornouaille;Kemper Breizh-Izel;Quimper Bretagne Occidentale;Pluguen;Pluguffan;0;0;0;0;0;0;0;0;0;0;0;0;0;14;22;23;29;34;41;46;44;55;59;65;72;81;85
29218;29;Bro Gerne;Pays de Cornouaille;KK bro ar C'hab - Beg ar Raz;CC Cap Sizun - Pointe du Raz;Pontekroaz;Pont-Croix;0;0;0;0;0;0;0;0;0;0;0;0;0;0;0;0;14;21;25;36;40;47;54;59;73;73;70
29220;29;Bro Gerne;Pays de Cornouaille;KK su ar Vro Vigoudenn;CC du Pays Bigouden Sud;Pont-'n-Abad;Pont-L'Abbé;46;53;60;78;76;70;58;53;53;51;53;56;66;60;60;58;54;53;72;69;55;54;40;33;38;20;50
29227;29;Bro Kornôg-Kreiz-Breizh;Pays du Centre-Ouest-Bretagne;Poc’hêr kumuniezh;Poher Communauté;Poullaouen;Poullaouen;0;0;0;0;0;0;0;0;0;0;0;15;13;18;18;17;16;13;11;16;10;11;12;13;14;16;22
29230;29;Bro Gerne;Pays de Cornouaille;Kemperle Kumuniezh;Quimperlé Communauté;Kerien;Querrien;0;0;0;0;0;0;0;0;0;0;0;0;19;19;21;17;18;20;27;30;35;34;31;31;32;37;38
29232;29;Bro Gerne;Pays de Cornouaille;Kemper Breizh-Izel;Quimper Bretagne Occidentale;Kemper;Quimper;290;307;334;345;373;399;400;430;451;452;488;527;533;554;554;586;667;690;715;732;743;720;759;794;755;768;755
29233;29;Bro Gerne;Pays de Cornouaille;Kemperle Kumuniezh;Quimperlé Communauté;Kemperle;Quimperlé;51;51;43;43;39;42;43;45;41;46;58;75;100;115;137;151;159;163;151;152;158;154;143;148;147;141;134
29234;29;Bro Gerne;Pays de Cornouaille;Kemperle Kumuniezh;Quimperlé Communauté;Redene;Rédené;0;0;0;0;0;0;0;0;0;0;0;0;0;0;0;0;0;0;0;0;0;0;10;17;25;31;27
29235;29;Bro Brest;Pays de Brest;Brest Meurgêr;Brest Métropole;Releg-Kerhuon (ar);Relecq-Kerhuon;161;175;188;198;188;207;194;195;178;177;183;168;193;205;218;228;266;278;279;316;324;354;376;375;366;375;332
29237;29;Bro Brest;Pays de Brest;KTK bro Landerne Daoulaz;CA du Pays de Landerneau Daoulas;Roc'h-Morvan;Roche-Maurice;0;0;0;0;0;0;0;0;0;0;0;0;0;0;0;0;0;17;28;35;40;44;48;49;50;54;49
29239;29;Bro Montroulez;Pays de Morlaix;Gorre-Leon Kumuniezh;CC Haut-Léon Communauté;Rosko;Roscoff;0;0;0;20;31;40;41;39;51;45;51;49;55;52;50;48;53;53;52;43;46;38;34;28;29;30;23
29241;29;Bro Gerne;Pays de Cornouaille;Konk-Kerne Tolpad-kêrioù;Concarneau Cornouaille Agglomération;Rosporden;Rosporden;0;0;0;0;0;0;0;0;0;0;0;0;0;0;0;0;0;0;0;0;0;7;17;24;38;46;52
29245;29;Bro Brest;Pays de Brest;KTK bro Landerne Daoulaz;CA du Pays de Landerneau Daoulas;Sant-Divi;Saint-Divy;0;0;0;0;0;0;0;0;0;0;0;0;0;0;0;0;0;0;0;0;17;21;25;27;33;36;41
29247;29;Bro Gerne;Pays de Cornouaille;KK bro Fouenant;CC du Pays Fouesnantais;Sant-Evarzeg;Saint-Evarzec;;;;;;;;;;;;;;;;;;;;;;;;10;12;3;0
29254;29;Bro Montroulez;Pays de Morlaix;Montroulez Kumuniezh;Morlaix Communauté;Sant-Martin-war-ar-Maez;Saint-Martin-des-Champs;0;0;0;0;0;0;0;0;0;0;0;0;20;22;29;39;41;50;62;67;79;91;84;80;82;81;65
29259;29;Bro Montroulez;Pays de Morlaix;Gorre-Leon Kumuniezh;CC Haut-Léon Communauté;Kastell-Paol;Saint-Pol-de-Léon;54;63;76;102;110;122;139;148;157;155;160;153;148;138;121;117;125;121;122;130;126;118;114;110;113;97;95
29260;29;Bro Brest;Pays de Brest;KK bro an Hirwazh;CC du Pays d'Iroise;Lokournan;Saint-Renan;0;0;0;0;0;0;0;0;0;8;27;60;100;132;158;172;167;175;196;202;217;229;215;217;213;212;206
29261;29;Bro Kornôg-Kreiz-Breizh;Pays du Centre-Ouest-Bretagne;Menez Are Kumuniezh;Monts d'Arrée Communauté;Sant-Riwal;Saint-Rivoal;23;24;28;27;28;24;26;27;28;27;28;30;27;32;31;35;37;39;36;29;34;36;44;41;28;24;24
29266;29;Bro Montroulez;Pays de Morlaix;Montroulez Kumuniezh;Morlaix Communauté;Sant-Tegoneg-Logeginer;Saint-Thégonnec-Loc-Éguiner;0;0;0;0;0;0;0;0;0;0;0;0;0;18;23;37;50;60;76;84;86;91;90;87;76;75;66
29274;29;Bro Gerne;Pays de Cornouaille;Kemperle Kumuniezh;Quimperlé Communauté;Skaer;Scaër;33;34;39;44;47;48;47;50;55;56;57;64;56;61;59;51;48;56;60;53;47;45;51;55;43;44;44
29277;29;Bro Montroulez;Pays de Morlaix;KK bro Landivizio;CC du Pays de Landivisiau;Sizun;Sizun;0;0;0;0;0;22;33;41;51;60;62;74;81;92;100;93;85;86;94;102;108;104;104;102;101;104;100
29279;29;Bro Montroulez;Pays de Morlaix;Montroulez Kumuniezh;Morlaix Communauté;Taole;Taulé;;;;;;;;;;;;;;;;;;;;;;;;20;18;18;17
29280;29;Bro Brest;Pays de Brest;KK Gourenez Kraozon-Arvor ar Stêr-Aon;CC Presqu'île de Crozon-Aulne Maritime;Terrug;Telgruc-sur-Mer;;;;;;;;;;;;;;;;;;;;;;;;;;;14
29290;29;Bro Brest;Pays de Brest;KK bro an Aberioù;CC du Pays des Abers;Treglonoù;Tréglonou;0;0;0;0;44;45;73;0;0;0;0;0;0;0;0;0;0;0;0;0;0;0;0;0;0;0;0
29293;29;Bro Gerne;Pays de Cornouaille;Konk-Kerne Tolpad-kêrioù;Concarneau Cornouaille Agglomération;Tregon;Trégunc;69;72;62;74;61;67;51;49;43;45;37;37;38;34;32;41;49;45;51;57;57;62;64;62;74;68;68
29297;29;Bro Gerne;Pays de Cornouaille;Kemperle Kumuniezh;Quimperlé Communauté;Tremeven(-Kemperle);Tréméven;0;0;0;0;0;0;18;22;37;54;62;73;73;76;87;84;85;76;71;78;78;80;76;76;63;72;66
35006;35;Bro Gwitreg;Pays de Vitré;Gwitreg Kumuniezh;Vitré Communauté;Argantred-ar-Genkiz;Argentré-du-Plessis;0;0;0;0;0;0;0;0;0;0;0;0;0;0;0;0;0;0;0;16;17;22;25;25;30;40;35
35031;35;Bro Roazhon;Pays de Rennes;Liverieg-Hiliber Kumuniezh;Liffré-Cormier Communauté;Beuzid-ar-C'hoadoù;Bouëxière;0;0;0;0;0;0;0;0;0;0;0;0;0;0;0;0;0;0;22;36;63;73;97;115;125;134;131
35047;35;Bro Roazhon;Pays de Rennes;Roazhon Meurgêr;Rennes Métropole;Bruz;Bruz;0;0;0;0;20;34;36;41;56;65;84;83;98;100;111;115;115;111;113;123;135;140;149;145;152;154;144
35068;35;Bro Gwitreg;Pays de Vitré;Gwitreg Kumuniezh;Vitré Communauté;Kastell-Bourc'h;Châteaubourg;0;0;0;0;0;0;0;0;0;0;0;0;0;19;20;32;38;43;51;55;59;66;53;62;64;60;56
35093;35;Bro Sant-Maloù;Pays de Saint-Malo;KK Aod an Emrodez;CC Côte d'Emeraude;Dinarzh;Dinard;0;0;0;0;0;0;0;0;0;0;0;0;0;0;0;0;0;0;0;0;18;29;38;45;46;53;52
35115;35;Bro Felger;Pays de Fougères;Felger Tolpad-kêrioù;Fougères Agglomération;Felger;Fougères;0;0;0;0;0;0;0;0;0;0;0;0;0;0;14;26;34;39;43;38;38;21;21;24;26;25;21
35123;35;Bro Traoñiennoù ar Gwilen;Pays des Valons de Vilaine;Traoñiennoù Breizh-Uhel Kumuniezh;Vallons de Haute-Bretagne Communauté;Goven;Goven;0;0;0;0;0;0;0;0;0;0;0;0;0;0;0;0;0;0;0;19;24;32;36;38;43;41;37
35125;35;Bro Gwitreg;Pays de Vitré;Gwitreg Kumuniezh;Vitré Communauté;Gwerc'h-Breizh;Guerche-de-Bretagne;0;0;0;0;0;0;0;0;0;0;0;0;0;0;0;0;0;0;14;14;16;24;29;36;30;24;26
35128;35;Bro Roazhon;Pays de Rennes;KK Traoñ an Il-Elvinieg;CC du Val d'Ille-Aubigné;Gwipedel;Guipel;0;0;0;0;0;0;0;0;0;0;0;0;0;0;0;0;0;15;30;34;25;25;28;34;40;38;30
35152;35;Bro Roazhon;Pays de Rennes;Liverieg-Hiliber Kumuniezh;Liffré-Cormier Communauté;Liverieg;Liffré;0;0;0;0;0;0;0;0;0;0;0;0;0;0;0;0;26;49;80;96;102;109;109;116;120;127;129
35168;35;Bro Traoñiennoù ar Gwilen;Pays des Valons de Vilaine;Traoñiennoù Breizh-Uhel Kumuniezh;Vallons de Haute-Bretagne Communauté;Traoñ-Anast;Val-d'Anast;0;0;0;0;0;0;0;0;0;0;0;0;0;0;0;0;0;0;14;27;32;39;39;46;47;57;50
35177;35;Bro Roazhon;Pays de Rennes;KK Traoñ an Il-Elvinieg;CC du Val d'Ille-Aubigné;Magoer;Mézière;0;0;0;0;0;0;0;0;0;5;8;11;17;18;10;13;18;0;0;0;0;0;0;0;0;0;0
35188;35;Bro Breselien;Pays de Brocéliande;Moñforzh Kumuniezh;Montfort Communauté;Moñforzh;Montfort-sur-Meu;0;0;0;0;0;0;0;0;0;0;0;0;0;0;0;0;0;14;28;33;39;54;59;48;52;62;53
35196;35;Bro Roazhon;Pays de Rennes;Roazhon Meurgêr;Rennes Métropole;Morzhell;Mordelles;0;0;0;0;0;0;0;0;0;0;0;0;0;0;0;0;0;0;0;0;0;14;22;38;45;51;61
35208;35;Bro Roazhon;Pays de Rennes;Roazhon Meurgêr;Rennes Métropole;An Heizeg;Orgères;0;0;0;0;0;0;0;0;0;0;0;0;0;0;0;0;0;0;0;0;28;37;50;62;67;52;58
35227;35;Bro Breselien;Pays de Brocéliande;Moñforzh Kumuniezh;Montfort Communauté;Pleveleg;Pleumeleuc;0;0;0;0;0;0;0;0;0;0;0;0;0;0;0;0;0;0;0;0;20;30;34;46;44;53;49
35228;35;Bro Sant-Maloù;Pays de Saint-Malo;KK Aod an Emrodez;CC Côte d'Emeraude;Pleurestud;Pleurtuit;0;0;0;0;0;0;0;0;0;0;0;0;0;0;0;0;0;0;0;0;0;21;25;11;21;21;20
35236;35;Bro Redon;Pays de Redon;Redon Tolpad-kêrioù;Redon Agglomération;Redon;Redon;54;62;120;145;166;165;167;192;193;179;173;177;182;178;163;142;126;126;124;128;129;134;132;135;134;138;138
35238;35;Bro Roazhon;Pays de Rennes;Roazhon Meurgêr;Rennes Métropole;Roazhon;Rennes;277;345;389;412;451;450;488;503;518;553;574;586;614;641;690;719;734;768;808;818;845;884;897;921;944;996;1012
35281;35;Bro Roazhon;Pays de Rennes;Roazhon Meurgêr;Rennes Métropole;Sant-Jakez-al-Lann;Saint-Jacques-de-la-Lande;;;;;;;;;;;;;;;;;;;;;;;;22;25;33;45
35288;35;Bro Sant-Maloù;Pays de Saint-Malo;Sant-Maloù Tolpad-kêrioù;Saint Malo Agglomération;Sant-Maloù;Saint-Malo;0;20;33;38;43;37;27;26;30;23;31;28;31;32;31;28;23;27;32;32;42;42;41;44;46;46;41
35294;35;Bro Redon;Pays de Redon;Redon Tolpad-kêrioù;Redon Agglomération;Lokmaria-Redon;Sainte-Marie;0;0;0;0;0;0;0;0;0;0;43;41;49;51;50;53;44;36;33;32;29;28;31;30;33;33;28
35308;35;Bro Sant-Maloù;Pays de Saint-Malo;KK Breizh ar Romantourien;CC Bretagne Romantique;Mesnil-Roc'h;Mesnil-Roc'h;;;;;;;;;;;;;;;;;;;;;;;;;11;19;17
35334;35;Bro Roazhon;Pays de Rennes;Roazhon Meurgêr;Rennes Métropole;Torigneg-Fouilharzh;Thorigné-Fouillard;0;0;0;0;0;0;0;0;0;0;0;0;0;0;0;0;0;0;0;0;0;0;22;18;22;32;30
35352;35;Bro Roazhon;Pays de Rennes;Roazhon Meurgêr;Rennes Métropole;Gwern-ar-Sec'h;Vern-sur-Seiche;0;0;0;0;0;0;0;0;0;0;0;0;0;0;0;0;0;17;19;34;44;41;37;30;31;24;31
35360;35;Bro Gwitreg;Pays de Vitré;Gwitreg Kumuniezh;Vitré Communauté;Gwitreg;Vitré;0;0;0;0;0;0;0;0;21;35;46;44;56;68;83;89;89;84;79;87;81;87;93;87;89;96;75
44015;44;Bro Kreiz Liger-Atlantel;Pays de Loire-Atlantique Centre;Bro Blaen Kumuniezh;Pays de Blain Communauté;Blaen;Blain;0;0;0;0;0;0;0;0;0;0;0;0;0;0;0;0;0;0;0;0;17;26;32;34;43;47;44
44069;44;Bro-Wenn hag ar Briver;Pays-Blanc et Brière;KTK Kab-Atlantel;CA Cap-Atlantique;Gwenrann;Guérande;15;29;33;31;25;27;28;28;40;36;27;27;26;28;36;34;33;34;28;37;32;26;27;28;29;32;33
44109;44;Bro Naoned;Pays de Nantes;Naoned Meurgêr;Nantes Métropole;Naoned;Nantes;159;218;264;288;296;313;330;321;324;352;379;419;446;478;505;498;523;543;539;506;509;517;500;456;479;500;533
44131;44;Bro Raez;Pays de Retz;Pornizh Tolpad Bro-Raez;Pornic Agglo Pays de Retz;Pornizh;Pornic;0;0;0;0;0;0;0;0;0;0;0;0;0;14;0;0;0;0;0;0;0;0;0;0;0;0;0
44137;44;Bro Kreiz Liger-Atlantel;Pays de Loire-Atlantique Centre;KK Aber hag Erv;CC Estuaire et Sillon;Prevenkel;Prinquiau;;;;;;;;;;;;;;;;;;;;;;;;;7;0;0
44154;44;Bro Raez;Pays de Retz;KK Su an Aber;CC du Sud Estuaire;Sant-Brewenn;Saint-Brévin-les-Pins;;;;;;;;;;;;;;;;;;;;;;;;;8;12;12
44162;44;Bro Naoned;Pays de Nantes;Naoned Meurgêr;Nantes Métropole;Sant-Ervlan;Saint-Herblain;0;0;0;0;0;0;0;0;0;9;20;28;47;47;44;57;49;86;109;139;161;185;237;258;283;298;325
44184;44;Bro-Wenn hag ar Briver;Pays-Blanc et Brière;KTK bro Sant-Nazer hag an Aber;CA de la Région Nazairienne et de l'Estuaire;Sant-Nazer;Saint-Nazaire;34;32;30;33;33;29;35;31;24;27;26;31;31;28;33;31;29;30;28;48;52;49;36;61;69;65;67
44195;44;Bro Kreiz Liger-Atlantel;Pays de Loire-Atlantique Centre;KK Aber hag Erv;CC Estuaire et Sillon;Savenneg;Savenay;0;0;0;0;0;0;0;0;0;0;6;10;26;19;10;13;15;18;26;27;27;10;15;9;0;0;0
56001;56;Bro Redon;Pays de Redon;Redon Tolpad-kêrioù;Redon Agglomération;Alaer;Allaire;0;0;0;0;0;0;0;0;0;0;0;0;0;0;0;0;0;0;0;19;24;23;26;29;33;35;27
56007;56;Bro an Alre;Pays d'Auray;An Alre Kiberen Douar Atlantel;Auray Quiberon Terre Atlantique;Alre (an);Auray;15;29;25;23;15;26;48;55;55;53;57;50;48;79;60;69;90;103;135;136;155;172;161;160;163;167;171
56010;56;Bro Pondi;Pays de Pontivy;Baod Kumuniezh ;Baud Communauté;Baod;Baud;60;64;64;67;65;52;60;57;74;82;87;86;99;103;108;106;102;97;92;91;92;101;103;114;107;102;92
56017;56;Bro Pondi;Pays de Pontivy;Kreiz ar Mor-Bihan Kumuniezh;Centre Morbihan Communauté;Begnen;Bignan;0;30;29;34;46;49;59;54;53;50;49;41;44;45;41;44;42;49;41;21;17;19;24;25;18;15;17
56023;56;Bro an Alre;Pays d'Auray;An Alre Kiberen Douar Atlantel;Auray Quiberon Terre Atlantique;Brec'h;Brech;35;47;54;52;74;88;89;98;97;90;119;108;115;110;120;111;117;114;108;114;106;88;90;85;81;83;75
56032;56;Bro Ploermael;Pays de Ploërmel;Ploermael Kumuniezh;Ploërmel Communauté;Kempenieg;Campénéac;0;0;0;0;0;0;0;0;0;0;0;0;0;0;0;0;0;0;0;0;0;0;7;9;11;7;11
56034;56;Bro an Alre;Pays d'Auray;An Alre Kiberen Douar Atlantel;Auray Quiberon Terre Atlantique;Karnag;Carnac;47;35;48;47;46;55;54;51;40;43;44;34;34;29;35;37;34;30;35;34;35;38;43;43;45;37;37
56036;56;Bro an Oriant;Pays de Lorient;An Oriant Tolpad-kêrioù;Lorient Agglomération;Kaodan;Caudan;0;0;0;0;0;0;0;0;0;0;0;0;0;0;21;31;40;60;70;87;102;114;119;124;122;129;110
56041;56;Bro Pondi;Pays de Pontivy;Pondi Kumuniezh;Pontivy Communauté;Klegereg;Cléguérec;0;0;0;0;0;26;35;34;41;41;45;37;40;41;40;35;40;40;33;35;33;34;43;43;39;39;39
56057;56;Bro Kornôg-Kreiz-Breizh;Pays du Centre-Ouest-Bretagne;Roue Morvan Kumuniezh;Roi Morvan Communauté;Faoued (ar);Faouët;21;28;28;31;36;43;46;46;45;46;37;36;32;32;32;24;24;28;22;0;0;0;0;0;23;36;41
56066;56;Bro Kornôg-Kreiz-Breizh;Pays du Centre-Ouest-Bretagne;Roue Morvan Kumuniezh;Roi Morvan Communauté;Gourin;Gourin;79;72;84;98;77;69;66;63;64;74;67;66;65;69;79;72;62;71;73;73;67;54;60;60;56;49;43
56067;56;Bro Kêr-Wened;Pays de Vannes;Mor Bihan - Gwened tolpad-kêrioù;Golfe du Morbihan - Vannes agglomération;Gregam;Grand-Champ;30;33;41;38;32;37;44;43;43;46;49;58;58;64;63;70;57;57;52;56;63;69;87;96;106;96;92
56070;56;Bro Ploermael;Pays de Ploërmel;Ploermael Kumuniezh;Ploërmel Communauté;Gwegon;Guégon;0;38;42;60;71;84;76;79;76;75;74;78;70;64;60;54;51;47;52;51;53;36;42;41;41;41;43
56078;56;Bro an Oriant;Pays de Lorient;An Oriant Tolpad-kêrioù;Lorient Agglomération;Gwidel;Guidel;43;56;66;72;71;77;86;72;78;77;82;96;95;93;91;93;103;118;128;140;131;145;157;153;149;146;124
56083;56;Bro an Oriant;Pays de Lorient;An Oriant Tolpad-kêrioù;Lorient Agglomération;Henbont;Hennebont;45;37;38;54;66;70;83;95;111;121;127;117;138;165;190;196;186;188;185;159;182;185;184;192;201;215;217
56090;56;Bro an Oriant;Pays de Lorient;An Oriant Tolpad-kêrioù;Lorient Agglomération;Zinzag-Lokrist;Inzinzac-Lochrist;0;0;0;0;0;0;0;0;0;0;0;0;0;0;0;0;0;0;0;0;0;0;9;10;14;20;26
56091;56;Bro Ploermael;Pays de Ploërmel;Ploermael Kumuniezh;Ploërmel Communauté;Josilin;Josselin;0;0;0;0;43;49;67;85;96;106;93;74;82;66;73;80;84;73;74;72;66;58;55;50;46;23;17
56094;56;Bro an Oriant;Pays de Lorient;Blavezh Gwelmeur Mor Bras Kumuniezh;Blavet Bellevue Océan Communauté;Kervignag;Kervignac;0;0;0;0;0;0;0;0;0;0;0;0;0;0;0;0;0;0;0;0;0;12;17;18;29;27;34
56097;56;Bro an Alre;Pays d'Auray;An Alre Kiberen Douar Atlantel;Auray Quiberon Terre Atlantique;Landevan;Landévant;0;0;0;0;0;0;0;0;0;0;0;0;0;0;0;0;0;23;39;59;71;79;83;75;83;74;73
56098;56;Bro an Oriant;Pays de Lorient;An Oriant Tolpad-kêrioù;Lorient Agglomération;Lannarstêr;Lanester;135;157;171;193;211;218;211;212;210;202;193;159;150;162;168;173;161;179;191;199;183;165;162;172;157;155;146
56100;56;Bro Kornôg-Kreiz-Breizh;Pays du Centre-Ouest-Bretagne;Roue Morvan Kumuniezh;Roi Morvan Communauté;Langoned;Langonnet;0;0;0;0;0;0;0;0;0;0;0;0;0;16;14;23;21;20;22;21;27;30;40;53;48;44;42
56101;56;Bro an Oriant;Pays de Lorient;An Oriant Tolpad-kêrioù;Lorient Agglomération;Langedig;Languidic;0;0;36;66;72;104;119;144;152;149;167;186;194;209;200;191;184;190;185;182;166;169;159;137;136;135;138
56104;56;Bro an Oriant;Pays de Lorient;An Oriant Tolpad-kêrioù;Lorient Agglomération;Lanvodan;Lanvaudan;0;0;0;0;0;0;0;0;0;0;0;0;0;0;0;0;0;0;0;0;13;10;17;16;15;15;12
56109;56;Bro Kêr-Wened;Pays de Vannes;Kistreberzh Kumuniezh;Questembert Communauté;Laozag;Lauzach;0;0;0;0;0;0;0;0;0;0;0;0;0;0;0;0;0;0;0;0;0;12;17;21;30;31;36
56117;56;Bro Pondi;Pays de Pontivy;Kreiz ar Mor-Bihan Kumuniezh;Centre Morbihan Communauté;Logunec'h;Locminé;0;0;0;0;25;53;63;78;93;117;127;138;141;146;156;152;154;152;152;160;153;156;140;142;133;122;119
56118;56;Bro an Oriant;Pays de Lorient;An Oriant Tolpad-kêrioù;Lorient Agglomération;Lokmikaelig;Locmiquélic;0;0;0;0;0;0;0;0;0;0;0;0;0;0;0;0;0;0;0;0;22;32;31;35;42;47;38
56119;56;Bro an Alre;Pays d'Auray;An Alre Kiberen Douar Atlantel;Auray Quiberon Terre Atlantique;Lokoal-Mendon;Locoal-Mendon;18;20;24;22;35;39;57;68;72;75;82;77;92;94;98;97;97;100;94;91;85;77;70;63;57;52;43
56121;56;Bro an Oriant;Pays de Lorient;An Oriant Tolpad-kêrioù;Lorient Agglomération;Oriant (an);Lorient;158;156;191;209;214;207;225;233;208;164;183;198;207;233;233;241;241;244;259;295;324;334;365;409;431;477;455
56127;56;Bro Ploermael;Pays de Ploërmel;Ploermael Kumuniezh;Ploërmel Communauté;Maoron;Mauron;0;24;24;36;30;30;36;31;23;23;23;30;35;31;38;40;33;33;32;26;25;30;25;24;25;25;26
56128;56;Bro Pondi;Pays de Pontivy;Baod Kumuniezh ;Baud Communauté;Mêlrant;Melrand;0;0;0;0;0;0;0;27;30;38;36;36;32;34;32;32;34;31;33;34;34;35;40;41;50;45;48
56137;56;Bro Kêr-Wened;Pays de Vannes;Mor Bihan - Gwened tolpad-kêrioù;Golfe du Morbihan - Vannes agglomération;Sterwenn;Monterblanc;0;0;0;0;0;0;0;0;0;0;0;0;0;0;0;0;0;0;0;0;0;20;34;39;51;54;51
56140;56;Bro Pondi;Pays de Pontivy;Kreiz ar Mor-Bihan Kumuniezh;Centre Morbihan Communauté;Mourieg;Moréac;0;94;112;120;150;141;114;117;105;96;89;78;69;66;66;59;61;60;62;68;70;73;74;75;74;80;82
56143;56;Bro Kêr-Wened;Pays de Vannes;KK Gwareg Su Breizh;CC Arc Sud Bretagne;Muzilheg;Muzillac;0;0;0;0;0;0;0;0;0;0;0;0;25;32;37;39;48;56;53;66;71;76;68;74;76;78;87
56149;56;Bro Kêr-Wened;Pays de Vannes;KK Gwareg Su Breizh;CC Arc Sud Bretagne;Noal-Muzilheg;Noyal-Muzillac;;;;;;;;;;;;;;;;;;;;;;;;21;35;38;41
56151;56;Bro Pondi;Pays de Pontivy;Pondi Kumuniezh;Pontivy Communauté;Noal-Pondi;Noyal-Pontivy;0;0;0;0;0;0;0;0;0;0;9;12;14;24;21;25;27;0;0;0;0;0;0;0;0;0;0
56259;56;Bro Kêr-Wened;Pays de Vannes;Mor Bihan - Gwened tolpad-kêrioù;Golfe du Morbihan - Vannes agglomération;An Drinded-Surzhur;La Trinité-Surzur;;;;;;;;;;;;;;;;;;;;;;;;;;;13
56153;56;Bro Kêr-Wened;Pays de Vannes;KK Gwareg Su Breizh;CC Arc Sud Bretagne;Pleaol;Péaule;0;0;0;0;0;0;0;0;0;0;0;0;0;0;0;0;0;0;0;8;13;18;19;24;31;34;36
56154;56;Bro Redon;Pays de Redon;Redon Tolpad-kêrioù;Redon Agglomération;Paolieg;Peillac;0;0;0;0;0;0;0;0;0;0;0;0;0;0;0;0;0;18;27;31;35;30;33;27;27;21;19
56158;56;Bro Kêr-Wened;Pays de Vannes;Mor Bihan - Gwened tolpad-kêrioù;Golfe du Morbihan - Vannes agglomération;Pleskob;Plescop;0;0;0;0;0;0;16;47;65;64;64;64;62;64;58;61;66;65;61;64;68;58;51;65;64;64;58
56161;56;Bro an Alre;Pays d'Auray;An Alre Kiberen Douar Atlantel;Auray Quiberon Terre Atlantique;Pleñver;Ploemel;0;0;0;0;0;0;0;0;0;0;0;0;0;0;0;0;0;0;23;34;40;51;55;50;41;41;39
56162;56;Bro an Oriant;Pays de Lorient;An Oriant Tolpad-kêrioù;Lorient Agglomération;Plañvour;Ploemeur;17;42;0;0;0;0;0;0;0;0;0;0;0;0;0;16;25;48;61;72;86;111;112;115;122;120;129
56164;56;Bro Kêr-Wened;Pays de Vannes;Mor Bihan - Gwened tolpad-kêrioù;Golfe du Morbihan - Vannes agglomération;Ploveren;Ploeren;0;0;0;0;0;0;0;0;0;20;28;37;36;45;54;55;54;54;57;79;55;54;56;55;51;48;42
56165;56;Bro Ploermael;Pays de Ploërmel;Ploermael Kumuniezh;Ploërmel Communauté;Ploermael;Ploërmel;37;31;31;30;29;29;30;32;32;33;31;20;21;25;20;25;24;25;26;31;29;22;24;35;45;49;44
56166;56;Bro an Oriant;Pays de Lorient;An Oriant Tolpad-kêrioù;Lorient Agglomération;Ploue;Plouay;64;55;53;61;66;64;69;72;85;94;91;77;81;88;98;113;122;126;144;143;150;139;133;123;127;134;129
56174;56;Bro Pondi;Pays de Pontivy;Kreiz ar Mor-Bihan Kumuniezh;Centre Morbihan Communauté;Pluverin;Plumelin;0;0;0;0;0;0;41;51;49;54;47;44;41;43;52;51;45;40;42;45;45;49;48;45;49;52;56
56175;56;Bro an Alre;Pays d'Auray;An Alre Kiberen Douar Atlantel;Auray Quiberon Terre Atlantique;Pluvergad;Plumergat;44;50;19;17;18;19;19;19;22;22;19;26;26;24;21;21;25;25;10;0;0;0;0;0;0;0;0
56176;56;Bro an Alre;Pays d'Auray;An Alre Kiberen Douar Atlantel;Auray Quiberon Terre Atlantique;Plunered;Pluneret;19;22;40;42;51;61;62;55;61;82;103;122;127;151;154;169;166;183;196;198;218;224;226;236;229;239;225
56177;56;Bro an Alre;Pays d'Auray;An Alre Kiberen Douar Atlantel;Auray Quiberon Terre Atlantique;Pleuwigner;Pluvigner;55;58;74;73;68;75;76;69;77;83;94;102;107;102;96;102;109;115;134;134;139;138;133;136;127;130;134
56178;56;Bro Pondi;Pays de Pontivy;Pondi Kumuniezh;Pontivy Communauté;Pondi;Pontivy;105;117;143;156;171;179;196;218;200;186;187;182;171;165;147;161;143;153;155;172;184;170;150;132;80;91;87
56179;56;Bro an Oriant;Pays de Lorient;An Oriant Tolpad-kêrioù;Lorient Agglomération;Pont-Skorf;Pont-Scorff;0;0;21;31;37;38;42;45;43;36;45;41;43;51;52;60;55;62;53;61;60;67;71;76;71;74;75
56184;56;Bro Kêr-Wened;Pays de Vannes;Kistreberzh Kumuniezh;Questembert Communauté;Kistreberzh;Questembert;0;15;26;28;23;22;20;23;23;31;30;27;30;35;35;31;27;52;70;87;115;107;116;122;130;132;142
56185;56;Bro an Oriant;Pays de Lorient;An Oriant Tolpad-kêrioù;Lorient Agglomération;Kewenn;Quéven;0;0;0;0;0;0;0;10;24;26;33;45;48;41;42;41;62;60;51;47;44;40;37;45;54;70;67
56193;56;Bro an Oriant;Pays de Lorient;An Oriant Tolpad-kêrioù;Lorient Agglomération;Rianteg;Riantec;0;0;0;0;0;0;0;0;0;0;28;32;41;46;50;51;61;58;63;62;66;31;34;37;44;46;45
56206;56;Bro Kêr-Wened;Pays de Vannes;Mor Bihan - Gwened tolpad-kêrioù;Golfe du Morbihan - Vannes agglomération;Sant-Teve;Saint-Avé;0;0;29;68;74;104;146;154;167;173;174;156;164;162;153;156;153;159;175;181;178;177;152;153;150;150;147
56240;56;Bro Kêr-Wened;Pays de Vannes;Mor Bihan - Gwened tolpad-kêrioù;Golfe du Morbihan - Vannes agglomération;Sarzhav;Sarzeau;33;41;46;34;44;34;35;40;36;32;33;16;21;28;32;38;38;36;33;33;34;34;35;44;45;42;36
56243;56;Bro Kêr-Wened;Pays de Vannes;Mor Bihan - Gwened tolpad-kêrioù;Golfe du Morbihan - Vannes agglomération;Sine;Séné;0;0;0;0;0;0;0;0;0;0;0;0;15;15;21;28;36;44;42;42;52;52;49;48;42;40;36
56248;56;Bro Kêr-Wened;Pays de Vannes;Mor Bihan - Gwened tolpad-kêrioù;Golfe du Morbihan - Vannes agglomération;Surzhur;Surzur;0;0;0;0;0;0;0;0;44;53;59;62;67;74;80;88;94;92;96;98;97;102;102;102;92;86;86
56251;56;Bro Kêr-Wened;Pays de Vannes;Mor Bihan - Gwened tolpad-kêrioù;Golfe du Morbihan - Vannes agglomération;Teiz-Noaloù;Theix-Noyalo;109;120;136;143;162;191;208;231;241;263;255;246;247;240;244;218;209;197;184;192;198;173;169;189;184;171;150
56152;56;Bro an Alre;Pays d'Auray;KK ar Gerveur;CC de Belle Ile en Mer;Porzh-Lae;Palais;;;;;;;;;;;;;;;;;;;;;;;;;;;23
56260;56;Bro Kêr-Wened;Pays de Vannes;Mor Bihan - Gwened tolpad-kêrioù;Golfe du Morbihan - Vannes agglomération;Gwened;Vannes;300;318;454;460;500;527;519;547;577;564;559;570;570;555;570;573;589;581;572;560;552;577;579;572;568;557;513
56263;56;Bro an Alre;Pays d'Auray;An Alre Kiberen Douar Atlantel;Auray Quiberon Terre Atlantique;Santez-Anna-Wened;Sainte-Anne-d'Auray;33;39;48;61;61;68;75;78;75;64;63;64;63;74;74;64;61;55;59;71;64;61;73;63;56;51;43
75100;75;;;;;Pariz;Paris;0;0;0;0;0;15;18;17;24;46;42;43;47;53;27;11;10;0;0;0;0;0;0;0;0;0;0
